Feature,Importance
Product ID,22.405069832754176
Original Price,16.026272390159573
Region,10.606446098486735
WeekOfYear_sin,10.16528663128867
WeekOfYear_cos,10.042324985451147
Segment,5.925123189313834
Sub-Category,5.903248324749986
Discount,5.700137060686605
DayOfWeek_sin,5.181376961756906
DayOfWeek_cos,3.0290475668758523
Month_sin,2.7030377483094776
Month_cos,2.150904123055913
Year,0.1617250871112601
