Feature,Importance
Product ID,22.41725226194196
Original Price,14.679222592083645
Region,10.778414027393985
WeekOfYear_cos,9.504033011544596
WeekOfYear_sin,9.383139129127748
Segment,6.440458212815753
DayOfWeek_sin,5.765750064522502
Sub-Category,5.618565714742667
Discount,5.46720624866196
Year,2.741693723685101
DayOfWeek_cos,2.6761730268889106
Month_sin,2.646407975123759
Month_cos,1.8816840114670887
