Feature,Importance
DayOfWeek_cos,-0.0011688002328011926
Month_sin,-0.004614526453359691
Month_cos,-0.005022521522831447
DayOfWeek_sin,-0.0058533418019632855
WeekOfYear_sin,-0.0066715547348770166
Year,-0.00926815550581006
Sub-Category,-0.01186700896943993
WeekOfYear_cos,-0.013121885884516349
Region,-0.013384011759140686
Segment,-0.01465891803354043
Discount,-0.015176730468886124
Product ID,-0.024842539218646726
Original Price,-0.02835191269367021
